"(Intercept)","Age_log","M_Months","M_Temp","Age_log:M_Months","Age_log:M_Temp","Sand","df","logLik","AICc","delta","weight","R_squared"
36.1906280490293,-8.7848931023816,-0.0167614619556313,-1.21219745225622,0.0107720543568118,0.345302304757352,NA,9,-1277.91462616274,2574.17876688859,0,0.575075409821049,0.418479801917744
5.95217877290185,-0.047255121385279,-0.0181742451108756,NA,0.0106921759108035,NA,NA,7,-1280.67637595728,2575.56938634396,1.39061945537696,0.286916562938888,0.376864097029306
12.4970328664439,-0.156026832688936,-0.0168979020100475,-0.274343736865933,0.0110924900125514,NA,NA,8,-1280.52775275612,2577.33457527967,3.15580839108679,0.118699724919492,0.398024736024384
36.6327082517883,-8.83359383952131,-0.0171423085897277,-1.20406679992719,0.0108303151533609,0.34666877022825,-0.0120800771132985,10,-1280.26934166644,2580.96669889709,6.78793200849896,0.0193083023205706,0.391853990374394
