"(Intercept)","Age","M_Months","M_G_Temp","Age:M_G_Temp","Deficit","Age:Deficit","Age:M_Months","M_G_Temp:M_Months","M_Temp","Age:M_G_Temp:M_Months","Sand","T_Precip","Age:M_Temp","Age:T_Precip","df","logLik","AICc","delta","weight","R_squared"
0.862752658940969,0.255331585467232,0.0146431345073553,NA,NA,NA,NA,NA,NA,NA,NA,NA,NA,NA,NA,6,-1072.59828849191,2157.37878956516,0,0.803566536121959,0.52921183131091
5.97750859338391,0.254906931817916,NA,NA,NA,NA,NA,NA,NA,NA,NA,-0.0333544863767069,NA,NA,NA,6,-1074.00702471377,2160.19626200889,2.8174724437331,0.196433463878041,0.425608025017862
