"Variable","Importance"
"Intercept",1
"Age",1
"M_Months",0.64237182319925
"M_G_Temp",0.455999465583106
"Age:M_G_Temp",0.418589406775993
"M_Temp",0.35762817680075
"Age:M_Temp",0.35762817680075
"Age:M_Months",0.223782416423257
